OTHER	-1	-1	-1
OTHER	-1	-1	-1
OTHER	-1	-1	-1
OTHER	-1	-1	-1
OBJECT_RESULT	1	-1	-1
OTHER	-1	-1	-1
OTHER	-1	-1	-1
OTHER	-1	10	-1
OTHER	-1	-1	-1
OTHER	-1	-1	-1
OTHER	-1	-1	-1
OTHER	-1	-1	-1
OTHER	-1	-1	-1
OTHER	-1	-1	-1
OTHER	-1	-1	-1
OTHER	-1	-1	-1
OTHER	-1	-1	-1
OTHER	-1	-1	-1
OTHER	-1	-1	-1
OTHER	-1	-1	-1
OTHER	-1	-1	-1
OTHER	-1	-1	-1
OTHER	-1	-1	-1
OTHER	-1	-1	-1
OTHER	-1	-1	-1
OTHER	-1	-1	-1
OTHER	-1	-1	-1
OTHER	-1	-1	-1
OTHER	-1	-1	-1
OTHER	-1	-1	-1
OTHER	-1	-1	-1
OTHER	-1	-1	-1
OTHER	-1	-1	-1
OTHER	-1	-1	-1
OTHER	-1	-1	-1
OTHER	-1	-1	-1
OBJECT_RESULT	3	-1	-1
OTHER	-1	-1	-1
OTHER	-1	351	-1
OTHER	-1	-1	-1
OBJECT_RESULT	1	-1	-1
OTHER	-1	-1	-1
OTHER	-1	-1	-1
OTHER	-1	443	-1
OTHER	-1	-1	-1
OTHER	-1	-1	-1
GOTO	-1	35	-1
STRING	-1	-1	-1
OTHER	-1	-1	-1
OTHER	-1	-1	-1
NULL_GUARD	3	44	-1
OTHER	-1	-1	-1
OBJECT_RESULT	28	-1	-1
GOTO	-1	45	-1
STRING	-1	-1	-1
OTHER	-1	-1	-1
OTHER	-1	-1	-1
NULL_GUARD	3	44	-1
OTHER	-1	-1	-1
OBJECT_RESULT	3	-1	-1
OTHER	-1	-1	-1
OTHER	-1	64	-1
OTHER	-1	-1	-1
GOTO	-1	45	-1
OTHER	-1	-1	-1
PARSE_OBJECT	-1	-1	1
OBJECT_RESULT	11	-1	-1
OTHER	-1	-1	-1
GOTO	-1	45	-1
STRING	-1	-1	-1
OTHER	-1	-1	-1
OTHER	-1	-1	-1
NULL_GUARD	3	44	-1
OTHER	-1	-1	-1
OBJECT_RESULT	24	-1	-1
GOTO	-1	45	-1
STRING	-1	-1	-1
OTHER	-1	-1	-1
OTHER	-1	-1	-1
NULL_GUARD	3	44	-1
OTHER	-1	-1	-1
OBJECT_RESULT	25	-1	-1
GOTO	-1	45	-1
STRING	-1	-1	-1
OTHER	-1	-1	-1
OTHER	-1	-1	-1
NULL_GUARD	3	44	-1
OTHER	-1	-1	-1
OTHER	-1	-1	-1
OTHER	-1	-1	-1
OBJECT_RESULT	15	-1	-1
GOTO	-1	45	-1
STRING	-1	-1	-1
OTHER	-1	-1	-1
OTHER	-1	-1	-1
NULL_GUARD	3	44	-1
OTHER	-1	-1	-1
OTHER	-1	-1	-1
OTHER	-1	-1	-1
OBJECT_RESULT	19	-1	-1
GOTO	-1	45	-1
STRING	-1	-1	-1
OTHER	-1	-1	-1
OTHER	-1	-1	-1
NULL_GUARD	3	44	-1
OTHER	-1	-1	-1
OBJECT_RESULT	3	-1	-1
OTHER	-1	-1	-1
OTHER	-1	111	-1
OTHER	-1	-1	-1
GOTO	-1	45	-1
OTHER	-1	-1	-1
PARSE_OBJECT	-1	-1	1
OBJECT_RESULT	10	-1	-1
OTHER	-1	-1	-1
GOTO	-1	45	-1
STRING	-1	-1	-1
OTHER	-1	-1	-1
OTHER	-1	-1	-1
NULL_GUARD	3	44	-1
OTHER	-1	-1	-1
OBJECT_RESULT	26	-1	-1
GOTO	-1	45	-1
STRING	-1	-1	-1
OTHER	-1	-1	-1
OTHER	-1	-1	-1
NULL_GUARD	3	44	-1
OTHER	-1	-1	-1
OBJECT_RESULT	29	-1	-1
GOTO	-1	45	-1
STRING	-1	-1	-1
OTHER	-1	-1	-1
OTHER	-1	-1	-1
NULL_GUARD	3	44	-1
OTHER	-1	-1	-1
OTHER	-1	-1	-1
OTHER	-1	-1	-1
OBJECT_RESULT	17	-1	-1
GOTO	-1	45	-1
STRING	-1	-1	-1
OTHER	-1	-1	-1
OTHER	-1	-1	-1
NULL_GUARD	3	44	-1
OTHER	-1	-1	-1
OTHER	-1	-1	-1
OTHER	-1	-1	-1
OBJECT_RESULT	23	-1	-1
GOTO	-1	45	-1
STRING	-1	-1	-1
OTHER	-1	-1	-1
OTHER	-1	-1	-1
NULL_GUARD	3	44	-1
OTHER	-1	-1	-1
OBJECT_RESULT	3	-1	-1
OTHER	-1	-1	-1
OTHER	-1	158	-1
OTHER	-1	-1	-1
GOTO	-1	45	-1
PARSER_INSTANCE	1	-1	-1
PARSE_OBJECT	-1	-1	1
OBJECT_RESULT	14	-1	-1
OTHER	-1	-1	-1
GOTO	-1	45	-1
STRING	-1	-1	-1
OTHER	-1	-1	-1
OTHER	-1	-1	-1
NULL_GUARD	3	44	-1
OTHER	-1	-1	-1
OBJECT_RESULT	3	-1	-1
OTHER	-1	-1	-1
OTHER	-1	173	-1
OTHER	-1	-1	-1
GOTO	-1	45	-1
OTHER	-1	-1	-1
PARSE_OBJECT	-1	-1	1
OBJECT_RESULT	12	-1	-1
OTHER	-1	-1	-1
GOTO	-1	45	-1
STRING	-1	-1	-1
OTHER	-1	-1	-1
OTHER	-1	-1	-1
NULL_GUARD	3	44	-1
OTHER	-1	-1	-1
OBJECT_RESULT	3	-1	-1
OTHER	-1	-1	-1
OTHER	-1	202	-1
OTHER	-1	-1	-1
OTHER	-1	-1	-1
OTHER	-1	-1	-1
OBJECT_RESULT	3	-1	-1
OTHER	-1	-1	-1
OTHER	-1	45	-1
OTHER	-1	-1	-1
OBJECT_RESULT	3	-1	-1
OTHER	-1	-1	-1
OTHER	-1	188	-1
PARSER_INSTANCE	1	-1	-1
PARSE_OBJECT	-1	-1	1
OBJECT_RESULT	1	-1	-1
NULL_GUARD	1	188	-1
COLLECTION_ADD	1	-1	5
GOTO	-1	188	-1
OTHER	-1	-1	-1
GOTO	-1	45	-1
STRING	-1	-1	-1
OTHER	-1	-1	-1
OTHER	-1	-1	-1
NULL_GUARD	3	44	-1
OTHER	-1	-1	-1
OBJECT_RESULT	3	-1	-1
OTHER	-1	-1	-1
OTHER	-1	214	-1
OTHER	-1	-1	-1
GOTO	-1	45	-1
OTHER	-1	-1	-1
PARSE_OBJECT	-1	-1	1
OBJECT_RESULT	13	-1	-1
OTHER	-1	-1	-1
GOTO	-1	45	-1
STRING	-1	-1	-1
OTHER	-1	-1	-1
OTHER	-1	-1	-1
NULL_GUARD	3	44	-1
OTHER	-1	-1	-1
OTHER	-1	-1	-1
OTHER	-1	-1	-1
OBJECT_RESULT	21	-1	-1
GOTO	-1	45	-1
STRING	-1	-1	-1
OTHER	-1	-1	-1
OTHER	-1	-1	-1
NULL_GUARD	3	44	-1
OTHER	-1	-1	-1
OTHER	-1	-1	-1
OTHER	-1	-1	-1
OBJECT_RESULT	22	-1	-1
GOTO	-1	45	-1
STRING	-1	-1	-1
OTHER	-1	-1	-1
OTHER	-1	-1	-1
NULL_GUARD	3	44	-1
OTHER	-1	-1	-1
OBJECT_RESULT	3	-1	-1
OTHER	-1	-1	-1
OTHER	-1	261	-1
OTHER	-1	-1	-1
OTHER	-1	-1	-1
OTHER	-1	-1	-1
OBJECT_RESULT	3	-1	-1
OTHER	-1	-1	-1
OTHER	-1	45	-1
OTHER	-1	-1	-1
OBJECT_RESULT	3	-1	-1
OTHER	-1	-1	-1
OTHER	-1	247	-1
OTHER	-1	-1	-1
PARSE_OBJECT	-1	-1	1
OBJECT_RESULT	1	-1	-1
NULL_GUARD	1	247	-1
COLLECTION_ADD	1	-1	4
GOTO	-1	247	-1
OTHER	-1	-1	-1
GOTO	-1	45	-1
STRING	-1	-1	-1
OTHER	-1	-1	-1
OTHER	-1	-1	-1
NULL_GUARD	3	44	-1
OTHER	-1	-1	-1
OTHER	-1	-1	-1
OTHER	-1	-1	-1
OBJECT_RESULT	20	-1	-1
GOTO	-1	45	-1
STRING	-1	-1	-1
OTHER	-1	-1	-1
OTHER	-1	-1	-1
NULL_GUARD	3	44	-1
OTHER	-1	-1	-1
OTHER	-1	-1	-1
OTHER	-1	-1	-1
OBJECT_RESULT	18	-1	-1
GOTO	-1	45	-1
STRING	-1	-1	-1
OTHER	-1	-1	-1
OTHER	-1	-1	-1
NULL_GUARD	3	44	-1
OTHER	-1	-1	-1
OBJECT_RESULT	3	-1	-1
OTHER	-1	-1	-1
OTHER	-1	305	-1
OTHER	-1	-1	-1
OTHER	-1	-1	-1
OTHER	-1	-1	-1
OBJECT_RESULT	3	-1	-1
OTHER	-1	-1	-1
OTHER	-1	45	-1
OTHER	-1	-1	-1
OBJECT_RESULT	3	-1	-1
OTHER	-1	-1	-1
OTHER	-1	291	-1
OTHER	-1	-1	-1
PARSE_OBJECT	-1	-1	1
OBJECT_RESULT	1	-1	-1
NULL_GUARD	1	291	-1
COLLECTION_ADD	1	-1	6
GOTO	-1	291	-1
OTHER	-1	-1	-1
GOTO	-1	45	-1
STRING	-1	-1	-1
OTHER	-1	-1	-1
OTHER	-1	-1	-1
NULL_GUARD	3	44	-1
OTHER	-1	-1	-1
OBJECT_RESULT	1	-1	-1
OTHER	-1	-1	-1
OBJECT_RESULT	9	-1	-1
GOTO	-1	45	-1
STRING	-1	-1	-1
OTHER	-1	-1	-1
OTHER	-1	-1	-1
NULL_GUARD	3	44	-1
OTHER	-1	-1	-1
OTHER	-1	-1	-1
OTHER	-1	-1	-1
OBJECT_RESULT	16	-1	-1
GOTO	-1	45	-1
STRING	-1	-1	-1
OTHER	-1	-1	-1
OTHER	-1	-1	-1
NULL_GUARD	3	44	-1
OTHER	-1	-1	-1
OBJECT_RESULT	3	-1	-1
OTHER	-1	-1	-1
OTHER	-1	349	-1
OTHER	-1	-1	-1
OTHER	-1	-1	-1
OTHER	-1	-1	-1
OBJECT_RESULT	3	-1	-1
OTHER	-1	-1	-1
OTHER	-1	45	-1
OTHER	-1	-1	-1
OBJECT_RESULT	3	-1	-1
OTHER	-1	-1	-1
OTHER	-1	335	-1
OTHER	-1	-1	-1
PARSE_OBJECT	-1	-1	1
OBJECT_RESULT	1	-1	-1
NULL_GUARD	1	335	-1
COLLECTION_ADD	1	-1	7
GOTO	-1	335	-1
OTHER	-1	-1	-1
GOTO	-1	45	-1
OTHER	-1	-1	-1
OTHER	-1	-1	-1
OTHER	-1	-1	-1
OTHER	-1	-1	-1
OTHER	-1	-1	-1
OTHER	-1	-1	-1
OTHER	-1	-1	-1
OTHER	-1	-1	-1
OTHER	-1	-1	-1
OTHER	-1	-1	-1
OTHER	-1	-1	-1
OTHER	-1	-1	-1
OTHER	-1	-1	-1
OTHER	-1	-1	-1
OTHER	-1	-1	-1
OTHER	-1	-1	-1
OTHER	-1	-1	-1
OTHER	-1	-1	-1
OTHER	-1	-1	-1
OTHER	-1	-1	-1
OTHER	-1	-1	-1
OBJECT_RESULT	1	-1	-1
OTHER	-1	-1	-1
OTHER	-1	-1	-1
OTHER	-1	-1	-1
OTHER	-1	-1	-1
OTHER	-1	-1	-1
OTHER	-1	-1	-1
OTHER	-1	-1	-1
OTHER	-1	-1	-1
OTHER	-1	-1	-1
OTHER	-1	-1	-1
OTHER	-1	-1	-1
OTHER	-1	-1	-1
OTHER	-1	-1	-1
OTHER	-1	-1	-1
OTHER	-1	-1	-1
OTHER	-1	-1	-1
OTHER	-1	-1	-1
OTHER	-1	-1	-1
OTHER	-1	-1	-1
OTHER	-1	-1	-1
OTHER	-1	-1	-1
OTHER	-1	-1	-1
OTHER	-1	-1	-1
OTHER	-1	-1	-1
OTHER	-1	-1	-1
OTHER	-1	-1	-1
OTHER	-1	-1	-1
OTHER	-1	-1	-1
OTHER	-1	-1	-1
OTHER	-1	-1	-1
OTHER	-1	-1	-1
OTHER	-1	-1	-1
OTHER	-1	-1	-1
OTHER	-1	-1	-1
OTHER	-1	-1	-1
OTHER	-1	-1	-1
OTHER	-1	-1	-1
OTHER	-1	-1	-1
OTHER	-1	-1	-1
OTHER	-1	-1	-1
OTHER	-1	-1	-1
OTHER	-1	-1	-1
OTHER	-1	-1	-1
OTHER	-1	-1	-1
OTHER	-1	-1	-1
OTHER	-1	-1	-1
OTHER	-1	-1	-1
OTHER	-1	-1	-1
OTHER	-1	-1	-1
OTHER	-1	-1	-1
OTHER	-1	-1	-1
OTHER	-1	-1	-1
OTHER	-1	-1	-1
OTHER	-1	-1	-1
OTHER	-1	-1	-1
OTHER	-1	-1	-1
OTHER	-1	-1	-1
OTHER	-1	-1	-1
OTHER	-1	-1	-1
OBJECT_RESULT	1	-1	-1
OTHER	-1	-1	-1
OTHER	-1	-1	-1
OBJECT_RESULT	1	-1	-1
OTHER	-1	-1	-1
OTHER	-1	-1	-1
OTHER	-1	-1	-1
OTHER	-1	-1	-1
OTHER	-1	-1	-1
OTHER	-1	-1	-1
OTHER	-1	-1	-1
OTHER	-1	-1	-1
